sentiment,content
angry,ğŸ˜¡
angry,ğŸ¤¬
angry,ğŸ˜ 
angry,ğŸ‘¿
angry,ğŸ”¥
angry,ğŸ’¢
angry,ğŸ˜¤
angry,ğŸ—¯ï¸
angry,ğŸ‘Š
angry,ğŸ˜¾
angry,âš¡
angry,ğŸ’£
angry,ğŸš¨
angry,ğŸ”ª
angry,ğŸš«
angry,ğŸ›‘
angry,ğŸ˜’
angry,ğŸ¥µ
angry,ğŸ¤¯
angry,ğŸ’¥
angry,ğŸ˜¬
angry,ğŸ™…
angry,ğŸ‘
angry,ğŸ˜©
angry,ğŸ˜“
angry,ğŸ˜£
angry,ğŸ˜•
angry,ğŸš·
angry,âœ–ï¸
angry,ğŸ“›
angry,ğŸ’€
angry,â˜ ï¸
angry,ğŸ¤¦
angry,ğŸ¤·
angry,ğŸ–•
angry,ğŸ’”
angry,â›”
angry,âŒ
angry,ğŸŒ€
angry,ğŸ§¨
angry,ğŸŒ‹
angry,ğŸ’¢ğŸ’¢
angry,ğŸ”´
angry,ğŸ˜
angry,ğŸ™
angry,ğŸ˜¡ğŸ”¥
angry,ğŸ’¢ğŸ˜ 
angry,ğŸ˜¤ğŸ’¨
angry,ğŸ–•ğŸ¤¬
angry,ğŸ˜¡ğŸ‘Š
angry,âš¡ğŸ”¥
angry,ğŸ˜¾ğŸ’¢
angry,ğŸ˜ ğŸ”ª
angry,ğŸ˜¡ğŸ’£
angry,ğŸ˜’ğŸš«
angry,ğŸ¤¯ğŸ˜¡
angry,ğŸ’¥ğŸ˜ 
angry,ğŸ˜©ğŸ’¢
angry,ğŸš¨ğŸ˜¤
angry,ğŸ˜¤ğŸ’¥
angry,ğŸ‘ŠğŸ˜¡
angry,ğŸ’€ğŸ”¥
angry,ğŸ‘¿âš¡
angry,ğŸ˜•âœ–ï¸
angry,ğŸ’¢ğŸ”¥
angry,ğŸ˜“ğŸ’¥
angry,ğŸ˜ ğŸ’¢
angry,ğŸ¤¦ğŸ˜¡
angry,ğŸ’€ğŸ’¢
angry,ğŸ˜¡ğŸ’¢ğŸ’£
angry,ğŸ’¥âš¡
angry,ğŸ‘ğŸ”¥
angry,ğŸ˜©ğŸ’£
angry,ğŸ˜¤âœ–ï¸
angry,ğŸ’¢ğŸ˜¡
angry,ğŸ¤¬ğŸ”¥
angry,ğŸ¤¬ğŸ˜¤
angry,ğŸ’¢ğŸ˜¤
angry,ğŸ‘¿ğŸ’¢
angry,ğŸ’¢ğŸ’¥
angry,ğŸš¨ğŸ˜¡
angry,ğŸ’¢ğŸ˜©
angry,âš¡ğŸ˜ 
angry,ğŸ˜¡ğŸ’¢ğŸ”¥
angry,ğŸ˜ ğŸ”¥
angry,ğŸ¤¬âš¡
angry,ğŸ˜¤ğŸ”¥
angry,ğŸ’£ğŸ’¢
angry,ğŸ˜¾ğŸ”¥
angry,ğŸ‘ŠğŸ’¢
angry,ğŸ’¢ğŸ‘Š
angry,ğŸ˜ ğŸ˜’
angry,ğŸ”¥ğŸ˜¤
angry,ğŸ’¥ğŸ‘¿
boredom,ğŸ˜
boredom,ğŸ˜‘
boredom,ğŸ™„
boredom,ğŸ¥±
boredom,ğŸ˜´
boredom,ğŸ›Œ
boredom,ğŸ“–
boredom,ğŸ˜•
boredom,ğŸŒ€
boredom,ğŸ˜
boredom,ğŸ˜’
boredom,ğŸ•°ï¸
boredom,âŒ›
boredom,â³
boredom,ğŸ“‰
boredom,ğŸ“º
boredom,ğŸ–¥ï¸
boredom,ğŸ“±
boredom,ğŸ§
boredom,ğŸ›‹ï¸
boredom,ğŸ“¦
boredom,ğŸ“·
boredom,ğŸ“µ
boredom,ğŸšª
boredom,ğŸ–¼ï¸
boredom,ğŸ—’ï¸
boredom,ğŸ“Œ
boredom,ğŸ”
boredom,ğŸ“‹
boredom,ğŸ§¾
boredom,ğŸ“‚
boredom,ğŸ–Šï¸
boredom,ğŸ““
boredom,ğŸ“™
boredom,ğŸ§©
boredom,ğŸ•¹ï¸
boredom,ğŸ®
boredom,ğŸ›ï¸
boredom,ğŸ•³ï¸
boredom,ğŸ›‘
boredom,â±ï¸
boredom,âºï¸
boredom,ğŸ 
boredom,ğŸ¡
boredom,ğŸ“
boredom,ğŸ“•
boredom,ğŸ²
boredom,ğŸƒ
boredom,â™Ÿï¸
boredom,ğŸ§¸
boredom,ğŸŒ
boredom,ğŸ–±ï¸
boredom,ğŸ–¥ï¸ğŸ“±
boredom,ğŸ“š
boredom,ğŸ“ƒ
boredom,ğŸ›‹ï¸ğŸ“º
boredom,ğŸ®ğŸ•¹ï¸
boredom,ğŸ“·ğŸ“±
boredom,âŒ›ğŸ•°ï¸
boredom,ğŸ“¦ğŸ—’ï¸
boredom,ğŸ“•ğŸ“™
boredom,ğŸ“‹ğŸ–Šï¸
boredom,ğŸ“ƒğŸ“š
boredom,ğŸ²â™Ÿï¸
boredom,ğŸŒğŸ“º
boredom,ğŸ“±ğŸ–¥ï¸
boredom,ğŸ›‹ï¸ğŸ“¦
boredom,ğŸ§©ğŸƒ
boredom,ğŸ•³ï¸ğŸ““
boredom,ğŸ“šğŸ•¹ï¸
boredom,ğŸ“‚ğŸ“š
boredom,ğŸ›ŒğŸ“–
boredom,ğŸ“–ğŸ›‹ï¸
boredom,ğŸ§ğŸ“¦
boredom,ğŸ“šğŸ“™
boredom,ğŸ•³ï¸ğŸŒ
boredom,ğŸ“µğŸ“±
boredom,ğŸŒâŒ›
boredom,ğŸ“ƒğŸ“‹
boredom,ğŸ§ğŸ®
boredom,ğŸ“–ğŸ“¦
boredom,ğŸ•³ï¸ğŸ§
boredom,ğŸŒğŸ§©
boredom,ğŸ›‹ï¸ğŸ“•
boredom,ğŸ“¦ğŸ²
boredom,ğŸ“±ğŸ“–
boredom,ğŸ“ºğŸ§
disappointment,ğŸ˜”
disappointment,ğŸ˜Ÿ
disappointment,ğŸ˜
disappointment,ğŸ˜¢
disappointment,ğŸ˜•
disappointment,ğŸ™
disappointment,ğŸ˜’
disappointment,ğŸ˜«
disappointment,ğŸ˜­
disappointment,ğŸ¥€
disappointment,ğŸ’”
disappointment,ğŸ™„
disappointment,ğŸ˜©
disappointment,ğŸ¤¦
disappointment,ğŸ˜“
disappointment,ğŸ˜¥
disappointment,ğŸ˜°
disappointment,ğŸ™
disappointment,ğŸ˜
disappointment,ğŸ˜‘
disappointment,ğŸ–¤
disappointment,ğŸ¤·
disappointment,ğŸ¤§
disappointment,ğŸ˜¿
disappointment,â˜¹ï¸
disappointment,ğŸ¤’
disappointment,ğŸ’¤
disappointment,ğŸ™ƒ
disappointment,ğŸ¤¢
disappointment,ğŸ›‘
disappointment,ğŸ”•
disappointment,âšª
disappointment,ğŸ•³ï¸
disappointment,ğŸ“‰
disappointment,ğŸ”š
disappointment,ğŸ§
disappointment,ğŸ­
disappointment,ğŸ›‹ï¸
disappointment,ğŸ–¤ğŸ’”
disappointment,ğŸ˜’ğŸ’”
disappointment,ğŸ˜­ğŸ’”
disappointment,ğŸ˜•ğŸ•³ï¸
disappointment,ğŸ’”ğŸ˜¢
disappointment,ğŸ˜”ğŸ¥€
disappointment,ğŸ˜ğŸ’”
disappointment,ğŸ˜©ğŸ˜•
disappointment,ğŸ™„ğŸ’”
disappointment,ğŸ˜«ğŸ˜
disappointment,ğŸ¤¦ğŸ˜¢
disappointment,ğŸ˜“ğŸ’”
disappointment,ğŸ˜‘ğŸ˜
disappointment,ğŸ˜â˜¹ï¸
disappointment,ğŸ˜’ğŸ˜”
disappointment,ğŸ™ğŸ˜•
disappointment,ğŸ˜­ğŸ¤·
disappointment,ğŸ˜¢ğŸ™ƒ
disappointment,ğŸ˜”ğŸ¤§
disappointment,ğŸ˜¿ğŸ’”
disappointment,ğŸ˜©ğŸ˜¢
disappointment,ğŸ¤¦ğŸ˜’
disappointment,ğŸ˜ğŸ¤·
disappointment,ğŸ˜¥ğŸ’”
disappointment,ğŸ˜•ğŸ¤¦
disappointment,ğŸ¥€ğŸ˜
disappointment,ğŸ’”â˜¹ï¸
disappointment,ğŸ˜°ğŸ’”
disappointment,ğŸ˜­ğŸ¥€
disappointment,ğŸ˜’ğŸ˜­
disappointment,ğŸ™„ğŸ˜
disappointment,ğŸ˜«ğŸ˜“
disappointment,ğŸ’”ğŸ˜©
disappointment,ğŸ–¤ğŸ˜­
disappointment,ğŸ˜ŸğŸ’”
disappointment,ğŸ˜”ğŸ˜•
disappointment,â˜¹ï¸ğŸ’”
disappointment,ğŸ¤·ğŸ¥€
disappointment,ğŸ˜¿ğŸ˜­
disappointment,ğŸ˜‘â˜¹ï¸
disappointment,ğŸ˜¥ğŸ™„
disappointment,ğŸ˜’ğŸ™ƒ
disappointment,ğŸ˜•ğŸ˜”
disappointment,ğŸ˜¢ğŸ˜
disappointment,ğŸ™ƒğŸ¤¦
disappointment,ğŸ’”ğŸ˜­
disappointment,ğŸ˜ŸğŸ˜­
disappointment,ğŸ˜•ğŸ’”
disappointment,ğŸ˜’ğŸ™
disappointment,ğŸ˜«â˜¹ï¸
disgust,ğŸ¤¢
disgust,ğŸ¤®
disgust,ğŸ˜·
disgust,ğŸ˜–
disgust,ğŸ¤”ğŸ¤¢
disgust,ğŸ˜–ğŸ¤¢
disgust,ğŸ¤®ğŸ¤¢
disgust,ğŸ¤¢ğŸ¤®
disgust,ğŸ¤¢ğŸ¤”
disgust,ğŸ¤¢ğŸ¤”ğŸ¤®
disgust,ğŸ¤¢ğŸ¤”ğŸ¤®ğŸ¤¢
disgust,ğŸ¤¢ğŸ¤”ğŸ¤®ğŸ¤¢
disgust,ğŸ¤¢ğŸ¤”ğŸ¤®ğŸ¤¢
disgust,ğŸ¤¢ğŸ¤”ğŸ¤®ğŸ¤¢
empty,ğŸ˜¶
empty,ğŸ˜
empty,ğŸ˜‘
empty,ğŸ™ƒ
empty,ğŸ˜”
empty,â˜ï¸
empty,ğŸŒ«ï¸
empty,ğŸŒ€
empty,ğŸ”²
empty,â¬œ
empty,ğŸ“­
empty,ğŸ’¨
empty,ğŸ“ª
empty,ğŸ’­
empty,ğŸ•³ï¸
empty,ğŸ˜®â€ğŸ’¨
empty,ğŸŒ«ï¸â˜ï¸
empty,ğŸ˜‘ğŸ˜¶
empty,â¬œğŸ”²
empty,ğŸ“­ğŸ“ª
empty,ğŸ’­ğŸ•³ï¸
empty,ğŸ˜ğŸ˜‘
empty,ğŸ˜”ğŸ˜®â€ğŸ’¨
empty,â˜ï¸ğŸ’¨
empty,ğŸ”²ğŸ“ª
empty,â¬œğŸ•³ï¸
empty,ğŸ™ƒğŸ˜¶
empty,ğŸŒ€ğŸ’­
empty,ğŸ˜®â€ğŸ’¨ğŸŒ«ï¸
empty,ğŸ˜ğŸ˜”
empty,ğŸ˜‘ğŸ™ƒ
empty,ğŸ”²â˜ï¸
empty,ğŸ“­ğŸ’¨
empty,ğŸ’­ğŸ“ª
empty,â¬œğŸŒ€
empty,ğŸ•³ï¸ğŸŒ«ï¸
empty,ğŸ˜®â€ğŸ’¨â˜ï¸
empty,ğŸ˜¶ğŸ’¨
empty,ğŸ™ƒğŸ˜”
empty,ğŸ“ªğŸ”²
empty,ğŸ’­â¬œ
empty,ğŸ˜”ğŸ•³ï¸
empty,ğŸŒ«ï¸ğŸ“­
empty,ğŸ˜‘ğŸ˜®â€ğŸ’¨
empty,ğŸŒ€â˜ï¸
empty,ğŸ”²ğŸ’­
empty,â¬œğŸ“­
empty,ğŸ˜ğŸ™ƒ
empty,ğŸ˜®â€ğŸ’¨ğŸ”²
empty,ğŸ•³ï¸ğŸ˜¶
empty,ğŸ’¨ğŸ“ª
empty,ğŸŒ«ï¸â¬œ
empty,ğŸ™ƒğŸŒ€
empty,ğŸ“ªğŸ˜‘
empty,ğŸ˜ğŸŒ«ï¸
empty,ğŸ”²ğŸ˜®â€ğŸ’¨
empty,â˜ï¸ğŸ•³ï¸
empty,ğŸ“­ğŸ’­
empty,ğŸ˜”â¬œ
empty,ğŸ˜®â€ğŸ’¨ğŸŒ€
empty,â¬œğŸ”²
empty,ğŸ˜‘ğŸ“ª
empty,ğŸ˜¶ğŸ’­
empty,ğŸ˜â˜ï¸
empty,ğŸŒ«ï¸ğŸ”²
empty,ğŸ™ƒğŸ“­
empty,ğŸ’¨ğŸ’­
empty,ğŸŒ€ğŸ˜”
empty,ğŸ˜®â€ğŸ’¨ğŸ“ª
empty,ğŸ˜”ğŸŒ«ï¸
empty,â¬œğŸ˜‘
empty,ğŸ”²ğŸ˜®â€ğŸ’¨
empty,ğŸ“­â˜ï¸
empty,ğŸ˜¶ğŸ•³ï¸
empty,ğŸ™ƒğŸ’¨
empty,â˜ï¸â¬œ
empty,ğŸ“ªğŸŒ€
empty,ğŸ’­ğŸ”²
empty,ğŸ˜®â€ğŸ’¨ğŸ˜‘
empty,ğŸŒ«ï¸ğŸ’­
enthusiasm,ğŸ˜ƒ
enthusiasm,ğŸ˜„
enthusiasm,ğŸ˜
enthusiasm,ğŸ˜†
enthusiasm,ğŸ˜
enthusiasm,ğŸ¤©
enthusiasm,ğŸ‰
enthusiasm,ğŸŠ
enthusiasm,ğŸ™Œ
enthusiasm,ğŸ‘
enthusiasm,ğŸ’ƒ
enthusiasm,ğŸ•º
enthusiasm,ğŸ”¥
enthusiasm,âœ¨
enthusiasm,ğŸˆ
enthusiasm,ğŸ†
enthusiasm,ğŸ¥³
enthusiasm,ğŸŒŸ
enthusiasm,ğŸ’«
enthusiasm,ğŸµ
enthusiasm,ğŸ¶
enthusiasm,ğŸš€
enthusiasm,ğŸŒˆ
enthusiasm,ğŸ¥‚
enthusiasm,ğŸ¯
enthusiasm,ğŸ¤—
enthusiasm,ğŸ™‹
enthusiasm,ğŸ¤
enthusiasm,ğŸª©
enthusiasm,ğŸ“£
enthusiasm,ğŸ”Š
enthusiasm,ğŸ“¢
enthusiasm,ğŸ¬
enthusiasm,ğŸ“¸
enthusiasm,ğŸ¥°
enthusiasm,ğŸ™†
enthusiasm,ğŸ•¶ï¸
enthusiasm,ğŸ’¥
enthusiasm,ğŸ¥‡
enthusiasm,ğŸ¥‹
enthusiasm,ğŸ“€
enthusiasm,ğŸ¨
enthusiasm,ğŸ¸
enthusiasm,ğŸ»
enthusiasm,ğŸº
enthusiasm,ğŸ·
enthusiasm,ğŸª•
enthusiasm,ğŸ¥
enthusiasm,ğŸ®
enthusiasm,ğŸ…
enthusiasm,ğŸ“£ğŸ‰
enthusiasm,ğŸ”¥ğŸ’ƒ
enthusiasm,ğŸµğŸ¶
enthusiasm,âœ¨ğŸŒˆ
enthusiasm,ğŸ¥‚ğŸŠ
enthusiasm,ğŸš€ğŸ¯
enthusiasm,ğŸ¤ğŸ“¸
enthusiasm,ğŸ¬ğŸ”Š
enthusiasm,ğŸŒŸğŸ¨
enthusiasm,ğŸ’«ğŸ®
enthusiasm,ğŸ™‹ğŸ“£
enthusiasm,ğŸ·ğŸ¥
enthusiasm,ğŸ»ğŸ¸
enthusiasm,ğŸ“¢ğŸ¥³
enthusiasm,ğŸ¯ğŸ’¥
enthusiasm,ğŸˆğŸ¥‡
enthusiasm,ğŸŒˆğŸ¥‚
enthusiasm,ğŸ¤ğŸ¶
enthusiasm,ğŸµğŸ“£
enthusiasm,ğŸ”¥ğŸ†
enthusiasm,ğŸ¥‡ğŸ’¥
enthusiasm,ğŸ¨ğŸ¬
enthusiasm,ğŸ“£ğŸ¸
enthusiasm,ğŸ·ğŸ»
enthusiasm,ğŸ¥‚âœ¨
enthusiasm,ğŸŒŸğŸš€
enthusiasm,ğŸµğŸ¯
enthusiasm,ğŸŠğŸ¶
enthusiasm,ğŸ“¸ğŸ¥
enthusiasm,ğŸˆğŸ“¢
enthusiasm,ğŸ¬ğŸ’ƒ
enthusiasm,ğŸ™ŒğŸ¤
enthusiasm,ğŸ®ğŸº
enthusiasm,ğŸ“£ğŸª©
enthusiasm,ğŸ“€ğŸ·
fear,ğŸ˜¨
fear,ğŸ˜±
fear,ğŸ˜°
fear,ğŸ˜§
fear,ğŸ˜Ÿ
fear,ğŸ˜–
fear,ğŸ˜¬
fear,ğŸ˜³
fear,ğŸ¥¶
fear,ğŸ™€
fear,ğŸ¤¯
fear,ğŸ’€
fear,â˜ ï¸
fear,ğŸ«£
fear,ğŸ‘»
fear,ğŸ‘ï¸
fear,ğŸ‘€
fear,ğŸ•·ï¸
fear,ğŸ•¸ï¸
fear,ğŸ
fear,ğŸ¦‡
fear,ğŸŒ«ï¸
fear,ğŸŒ€
fear,âš¡
fear,ğŸ”¥
fear,ğŸšï¸
fear,ğŸ›‘
fear,ğŸš¨
fear,â›”
fear,ğŸš«
fear,ğŸ›‘ğŸ‘»
fear,ğŸ‘€âš¡
fear,ğŸ˜±ğŸ”¥
fear,ğŸ˜°ğŸ•·ï¸
fear,ğŸ˜¨ğŸ
fear,ğŸ˜§ğŸ¦‡
fear,ğŸ˜ŸğŸŒ€
fear,â˜ ï¸ğŸ’€
fear,ğŸ™€ğŸ‘ï¸
fear,ğŸ‘»ğŸŒ«ï¸
fear,ğŸ”¥âš¡
fear,ğŸš¨ğŸ›‘
fear,ğŸ•¸ï¸ğŸ•·ï¸
fear,ğŸğŸ¦‡
fear,ğŸ‘€ğŸ˜³
fear,ğŸ˜¬ğŸ¤¯
fear,ğŸ›‘ğŸŒ€
fear,ğŸ˜±ğŸ‘»
fear,ğŸ˜§â˜ ï¸
fear,ğŸ˜°ğŸ”¥
fear,ğŸ˜¨ğŸŒ«ï¸
fear,ğŸ˜ŸğŸ•¸ï¸
fear,ğŸ™€ğŸ¦‡
fear,ğŸ’€ğŸ
fear,âš¡ğŸ‘€
fear,ğŸš¨ğŸ˜³
fear,ğŸ›‘ğŸ‘ï¸
fear,ğŸ”¥ğŸ˜¬
fear,ğŸ˜±ğŸ•·ï¸
fear,ğŸ‘»ğŸŒ€
fear,ğŸ˜¨â›”
fear,ğŸ˜°ğŸ›‘
fear,â˜ ï¸ğŸ™€
fear,ğŸŒ«ï¸ğŸ˜§
fear,ğŸ•¸ï¸âš¡
fear,ğŸğŸ˜Ÿ
fear,ğŸ¦‡ğŸ”¥
fear,ğŸ˜³ğŸš«
fear,ğŸ˜¬ğŸ‘ï¸
fear,ğŸ¤¯ğŸ‘€
fear,ğŸšï¸âš¡
fear,ğŸš¨ğŸ•·ï¸
fear,ğŸğŸ›‘
fear,ğŸ”¥ğŸ‘»
fear,ğŸ˜¨ğŸ’€
fear,ğŸ˜§â˜ ï¸
fear,ğŸ˜ŸğŸ˜±
fear,ğŸ•¸ï¸ğŸ”¥
fear,ğŸ™€âš¡
fear,ğŸŒ€ğŸ‘ï¸
fear,ğŸ’€ğŸ˜¬
fear,ğŸ‘€ğŸŒ«ï¸
fear,ğŸ˜³ğŸ
fear,ğŸš«ğŸ›‘
fear,ğŸ˜°ğŸ¦‡
fun,ğŸ˜‚
fun,ğŸ¤£
fun,ğŸ˜œ
fun,ğŸ¤ª
fun,ğŸ˜
fun,ğŸ˜›
fun,ğŸ‰
fun,ğŸˆ
fun,ğŸŠ
fun,ğŸ­
fun,ğŸ®
fun,ğŸ²
fun,ğŸ³
fun,ğŸ
fun,ğŸ“
fun,ğŸ¸
fun,ğŸ¤
fun,ğŸµ
fun,ğŸ¶
fun,ğŸ·
fun,ğŸº
fun,ğŸ»
fun,ğŸ¥
fun,ğŸ¹
fun,ğŸª•
fun,ğŸ¡
fun,ğŸ¢
fun,ğŸ 
fun,ğŸ¤¹
fun,ğŸ¤¹â€â™‚ï¸
fun,ğŸ¤¹â€â™€ï¸
fun,ğŸ¤¡
fun,ğŸ†
fun,ğŸ‡
fun,ğŸ
fun,ğŸ‘
fun,ğŸ‹
fun,âœ¨
fun,ğŸ¯
fun,ğŸ†
fun,ğŸ§©
fun,ğŸ•¹ï¸
fun,ğŸª…
fun,ğŸ›
fun,ğŸ„
fun,ğŸ¨
fun,ğŸ¿
fun,ğŸŸï¸
fun,ğŸ¬
fun,ğŸ–ï¸
fun,ğŸ›¶
fun,ğŸ¤¸
fun,ğŸ¤¸â€â™‚ï¸
fun,ğŸ¤¸â€â™€ï¸
fun,ğŸ¿
fun,ğŸ‚
fun,â›·ï¸
fun,ğŸ¥³
fun,ğŸ­ğŸ¨
fun,ğŸ®ğŸ¶
fun,ğŸ˜‚ğŸ‰
fun,ğŸ·ğŸ¥
fun,ğŸ¢âœ¨
fun,ğŸŸï¸ğŸ¿
fun,ğŸ‚ğŸ¿
fun,ğŸ¤¸ğŸ 
fun,ğŸ»ğŸº
fun,ğŸ¯ğŸ†
fun,ğŸ¨ğŸ¬
fun,ğŸ¶ğŸµ
fun,ğŸ­ğŸ¤¹
fun,ğŸ„ğŸ›¶
fun,ğŸ‹ğŸ
fun,ğŸ¸ğŸ¤
fun,ğŸ¹ğŸ·
fun,ğŸ³ğŸ²
fun,ğŸ¡âœ¨
fun,ğŸ¥³ğŸ‰
fun,ğŸ†ğŸ‡
fun,ğŸŠğŸˆ
fun,ğŸ˜œğŸ¤£
fun,ğŸ–ï¸ğŸ›
fun,ğŸ ğŸ›¶
fun,ğŸ¤¹â€â™‚ï¸ğŸ¤¹â€â™€ï¸
fun,ğŸ¬ğŸŸï¸
fun,ğŸ˜‚ğŸ˜
fun,ğŸ˜›ğŸ¯
fun,ğŸ¨ğŸ§©
happiness,ğŸ˜Š
happiness,ğŸ˜„
happiness,ğŸ˜
happiness,ğŸ˜†
happiness,ğŸ˜‚
happiness,ğŸ¤£
happiness,ğŸ˜ƒ
happiness,ğŸ™‚
happiness,ğŸ˜
happiness,ğŸ¤©
happiness,ğŸ˜
happiness,ğŸ¥°
happiness,ğŸ’–
happiness,ğŸ’—
happiness,ğŸ’“
happiness,ğŸ’
happiness,ğŸ’ƒ
happiness,ğŸ‰
happiness,ğŸŠ
happiness,âœ¨
happiness,ğŸˆ
happiness,ğŸ–ï¸
happiness,ğŸ¶
happiness,ğŸµ
happiness,ğŸŒ
happiness,ğŸŒŸ
happiness,ğŸŒˆ
happiness,â˜€ï¸
happiness,ğŸ’
happiness,ğŸª´
happiness,ğŸ­
happiness,ğŸ¦
happiness,ğŸª
happiness,ğŸ‚
happiness,ğŸ°
happiness,ğŸ¥³
happiness,ğŸ
happiness,ğŸ€
happiness,ğŸ•º
happiness,ğŸ’ª
happiness,ğŸŒ¸
happiness,ğŸŒº
happiness,ğŸŒ¼
happiness,ğŸï¸
happiness,ğŸ–ï¸
happiness,ğŸŒ»
happiness,ğŸ¹
happiness,ğŸ‚ğŸ‰
happiness,ğŸŒâœ¨
happiness,ğŸğŸ¥³
happiness,ğŸŒˆğŸ’–
happiness,â˜€ï¸ğŸ¶
happiness,ğŸ’ƒğŸŒ¸
happiness,ğŸ–ï¸ğŸŒº
happiness,ğŸ°ğŸ¹
happiness,ğŸŒŸğŸ¦
happiness,ğŸªğŸ‚
happiness,ğŸ’ğŸŠ
happiness,ğŸ’“ğŸˆ
happiness,ğŸ’—ğŸµ
happiness,ğŸ€ğŸ‚
happiness,ğŸ¶ğŸ‰
happiness,ğŸŒ¸ğŸŒ¼
happiness,ğŸŒºğŸŒ»
happiness,ğŸŒˆğŸ¶
happiness,ğŸµğŸ¹
happiness,ğŸŒğŸ‚
happiness,âœ¨ğŸˆ
happiness,ğŸªğŸ’–
happiness,ğŸ­ğŸŠ
happiness,ğŸ’ªğŸŒŸ
happiness,ğŸ’—â˜€ï¸
happiness,ğŸ‚ğŸ’
happiness,ğŸ‰ğŸŒ¼
happiness,ğŸ’ƒğŸŒ»
happiness,ğŸ¶ğŸ¹
happiness,ğŸµâœ¨
happiness,ğŸŠğŸŒ¸
happiness,ğŸŒğŸ’“
happiness,ğŸŒˆğŸ’–
happiness,ğŸŒŸğŸ­
happiness,â˜€ï¸ğŸŒ¼
happiness,ğŸ’ğŸˆ
happiness,ğŸ‚ğŸ¹
happiness,ğŸğŸ¶
happiness,ğŸŠğŸ°
hate,ğŸ˜¡
hate,ğŸ¤¬
hate,ğŸ‘¿
hate,ğŸ˜ 
hate,ğŸ˜¤
hate,ğŸ’¢
hate,ğŸ˜’
hate,ğŸ˜¾
hate,ğŸ–•
hate,ğŸš«
hate,ğŸ›‘
hate,âš ï¸
hate,ğŸ”¥
hate,ğŸ’£
hate,ğŸš¨
hate,ğŸ‘
hate,ğŸ“›
hate,ğŸ”ª
hate,ğŸ’”
hate,â˜ ï¸
hate,ğŸ˜¬
hate,ğŸ™„
hate,ğŸ˜•
hate,ğŸ˜©
hate,ğŸ˜–
hate,ğŸ˜‘
hate,ğŸ§¨
hate,â›”
hate,ğŸ˜£
hate,ğŸ™…
hate,ğŸ˜¡ğŸ’¢
hate,ğŸ¤¬ğŸ”¥
hate,ğŸ‘¿ğŸ’£
hate,ğŸ˜ ğŸ‘
hate,ğŸ˜¤ğŸš¨
hate,ğŸ’¢ğŸ”ª
hate,ğŸ˜’â˜ ï¸
hate,ğŸ˜¾ğŸ˜¬
hate,ğŸ–•ğŸ˜•
hate,ğŸš«ğŸ™„
hate,ğŸ›‘ğŸ˜©
hate,âš ï¸ğŸ˜–
hate,ğŸ”¥ğŸ˜‘
hate,ğŸ’£ğŸ’”
hate,ğŸš¨ğŸ™…
hate,ğŸ‘ğŸ˜£
hate,ğŸ“›ğŸ§¨
hate,ğŸ”ªâ›”
hate,ğŸ’”ğŸ˜¡
hate,â˜ ï¸ğŸ¤¬
hate,ğŸ˜¬ğŸ‘¿
hate,ğŸ™„ğŸ˜ 
hate,ğŸ˜•ğŸ˜¤
hate,ğŸ˜©ğŸ’¢
hate,ğŸ˜–ğŸ˜’
hate,ğŸ˜‘ğŸ˜¾
hate,ğŸ§¨ğŸ–•
hate,â›”ğŸš«
hate,ğŸ˜£ğŸ›‘
hate,ğŸ™…âš ï¸
hate,ğŸ˜¡ğŸ”ª
hate,ğŸ¤¬ğŸ’”
hate,ğŸ‘¿ğŸ“›
hate,ğŸ˜ ğŸ”¥
hate,ğŸ˜¤ğŸ’£
hate,ğŸ’¢ğŸš¨
hate,ğŸ˜’ğŸ‘
hate,ğŸ˜¾â˜ ï¸
hate,ğŸ–•ğŸ˜¬
hate,ğŸš«ğŸ™„
hate,ğŸ›‘ğŸ˜•
hate,âš ï¸ğŸ˜©
hate,ğŸ”¥ğŸ˜–
hate,ğŸ’£ğŸ˜‘
hate,ğŸš¨ğŸ§¨
hate,ğŸ‘â›”
hate,ğŸ“›ğŸ˜£
hate,ğŸ”ªğŸ™…
hate,ğŸ’”ğŸ˜¡
hate,â˜ ï¸ğŸ¤¬
hate,ğŸ˜¬ğŸ‘¿
hate,ğŸ™„ğŸ˜ 
hate,ğŸ˜•ğŸ˜¤
hate,ğŸ˜©ğŸ’¢
hate,ğŸ˜–ğŸ˜’
hate,ğŸ˜‘ğŸ˜¾
hate,ğŸ§¨ğŸ–•
hate,â›”ğŸš«
joy,ğŸ˜Š
joy,ğŸ˜
joy,ğŸ˜„
joy,ğŸ˜†
joy,ğŸ˜ƒ
joy,ğŸ™‚
joy,ğŸ¤—
joy,ğŸ˜
joy,ğŸ¥°
joy,ğŸ‰
joy,ğŸŠ
joy,ğŸ’–
joy,ğŸ’
joy,ğŸ’“
joy,ğŸŒ¸
joy,ğŸŒº
joy,ğŸŒ»
joy,ğŸŒˆ
joy,â˜€ï¸
joy,ğŸŒŸ
joy,âœ¨
joy,ğŸˆ
joy,ğŸ¶
joy,ğŸµ
joy,ğŸ‚
joy,ğŸ°
joy,ğŸ“
joy,ğŸ­
joy,ğŸ¦
joy,ğŸ
joy,ğŸ€
joy,ğŸ¥³
joy,ğŸ’ƒ
joy,ğŸ•º
joy,ğŸ’
joy,ğŸª´
joy,ğŸ–ï¸
joy,ğŸï¸
joy,ğŸ¹
joy,ğŸ‰ğŸ’–
joy,âœ¨ğŸŠ
joy,ğŸ‚ğŸ“
joy,ğŸŒˆâ˜€ï¸
joy,ğŸµğŸŒ¸
joy,ğŸ­ğŸ
joy,ğŸ’ƒğŸŒŸ
joy,ğŸ¥³ğŸ¶
joy,ğŸ’ğŸ¹
joy,ğŸŒºğŸ‚
joy,ğŸŒ»ğŸµ
joy,ğŸ–ï¸ğŸ°
joy,ğŸ€ğŸ‰
joy,ğŸŠğŸ’
joy,âœ¨ğŸ’“
joy,ğŸ­ğŸˆ
joy,ğŸŒ¸ğŸ¥°
joy,ğŸ¶ğŸ‚
joy,ğŸ“ğŸ¹
joy,ğŸŒˆğŸ’ƒ
joy,â˜€ï¸ğŸ
joy,ğŸ’ğŸµ
joy,ğŸŠğŸï¸
joy,ğŸŒŸğŸ€
joy,ğŸ‰ğŸ¦
joy,ğŸŒºğŸ’–
joy,ğŸ’ğŸŒ»
joy,âœ¨ğŸ–ï¸
joy,ğŸ‚ğŸ¥³
joy,ğŸˆğŸ’“
joy,ğŸµğŸ’ƒ
joy,ğŸ¹ğŸ°
joy,ğŸŒ¸ğŸ€
joy,ğŸğŸŒˆ
joy,ğŸŠğŸ¶
joy,ğŸ¥³â˜€ï¸
joy,ğŸŒŸâœ¨
joy,ğŸ–ï¸ğŸ‰
joy,ğŸ‚ğŸŒº
joy,ğŸ’ğŸ¦
joy,ğŸŒ»ğŸµ
joy,ğŸŒˆğŸŠ
joy,ğŸ­ğŸ¶
joy,ğŸğŸ’
joy,ğŸ€ğŸ°
joy,ğŸ’ƒğŸ‚
joy,ğŸµğŸˆ
joy,ğŸ‰ğŸ–ï¸
love,ğŸ˜
love,ğŸ¥°
love,ğŸ˜˜
love,ğŸ˜—
love,ğŸ˜š
love,ğŸ˜™
love,â¤ï¸
love,ğŸ’–
love,ğŸ’—
love,ğŸ’˜
love,ğŸ’
love,ğŸ’
love,ğŸ’•
love,ğŸ’“
love,â£ï¸
love,ğŸ’Œ
love,ğŸŒ¹
love,ğŸŒº
love,ğŸŒ¸
love,ğŸ’
love,ğŸ’‘
love,ğŸ’
love,ğŸ‘©â€â¤ï¸â€ğŸ‘¨
love,ğŸ‘¨â€â¤ï¸â€ğŸ‘¨
love,ğŸ‘©â€â¤ï¸â€ğŸ‘©
love,ğŸ˜â¤ï¸
love,ğŸ¥°ğŸ’•
love,ğŸ’–ğŸ’˜
love,ğŸ’â£ï¸
love,ğŸŒ¹ğŸ’Œ
love,ğŸ’‘ğŸ’“
love,ğŸ’ğŸ’
love,ğŸ’—ğŸ’
love,ğŸ˜˜ğŸŒº
love,ğŸ˜™ğŸŒ¸
love,â¤ï¸ğŸ’•
love,ğŸ’˜ğŸ’
love,ğŸ’–ğŸŒ¹
love,ğŸ’‘ğŸ’—
love,ğŸ‘©â€â¤ï¸â€ğŸ‘¨ğŸ’“
love,ğŸ‘©â€â¤ï¸â€ğŸ‘©ğŸ’Œ
love,ğŸ‘¨â€â¤ï¸â€ğŸ‘¨ğŸ’
love,ğŸ’ğŸŒº
love,ğŸ’ğŸ’˜
love,ğŸ’ğŸŒ¸
love,ğŸ’“â¤ï¸
love,ğŸŒ¹â£ï¸
love,ğŸŒ¸ğŸ’–
love,ğŸŒºğŸ’‘
love,ğŸ’ŒğŸ’—
love,ğŸ’•ğŸ¥°
love,â¤ï¸ğŸ˜˜
love,â£ï¸ğŸ˜š
love,ğŸ’–ğŸ˜
love,ğŸ’—ğŸ’
love,ğŸŒºğŸ’˜
love,ğŸŒ¹ğŸ’•
love,ğŸ’ğŸ’–
love,ğŸ’ğŸ’“
love,ğŸ’˜ğŸ’‘
love,â¤ï¸ğŸ’
love,ğŸ’ŒğŸ’
love,ğŸ’—ğŸŒº
love,ğŸ’•ğŸŒ¹
love,â£ï¸ğŸ’‘
love,ğŸ’“ğŸ’˜
love,ğŸ’ğŸ’–
love,ğŸ’ğŸ’—
love,ğŸŒºğŸ’
love,ğŸŒ¸ğŸ’‘
love,ğŸ’˜â¤ï¸
love,ğŸ’ğŸ’“
love,ğŸ’ğŸ’–
love,ğŸ’•ğŸ’˜
love,ğŸŒ¹ğŸ’
love,ğŸŒ¸ğŸ’—
love,â¤ï¸ğŸ’‘
love,ğŸ’ŒğŸ’
love,ğŸ’–ğŸŒº
love,ğŸ’—ğŸŒ¸
love,ğŸŒ¹ğŸ’
love,ğŸ’â¤ï¸
love,ğŸ’˜ğŸ’•
neutral,ğŸ˜
neutral,ğŸ˜‘
neutral,ğŸ˜¶
neutral,ğŸ™ƒ
neutral,ğŸ˜
neutral,ğŸ¤”
neutral,ğŸŒ€
neutral,ğŸŒ«ï¸
neutral,â³
neutral,âŒ›
neutral,ğŸ“¦
neutral,ğŸ›‹ï¸
neutral,ğŸ“±
neutral,ğŸ“º
neutral,ğŸ–¥ï¸
neutral,ğŸ“œ
neutral,ğŸ“Š
neutral,ğŸ“‹
neutral,ğŸ“‚
neutral,ğŸ“…
neutral,ğŸ“Œ
neutral,ğŸ”’
neutral,ğŸ•³ï¸
neutral,ğŸ”—
neutral,ğŸ“
neutral,ğŸ“–
neutral,âœï¸
neutral,ğŸ“
neutral,ğŸ“•
neutral,ğŸ“˜
neutral,ğŸ“™
neutral,ğŸ““
neutral,ğŸ”
neutral,ğŸ”
neutral,ğŸ–‡ï¸
neutral,ğŸ“‚ğŸ“‹
neutral,ğŸ“ŠğŸ“œ
neutral,ğŸ–¥ï¸ğŸ“±
neutral,ğŸ“ğŸ”—
neutral,ğŸ“–ğŸ“•
neutral,ğŸ“‹ğŸ“…
neutral,ğŸ”ğŸ““
neutral,ğŸ“œğŸ“™
neutral,ğŸ“…ğŸ“
neutral,ğŸ“ŠğŸ“
neutral,ğŸ“ºğŸ“¦
neutral,ğŸ“–âœï¸
neutral,ğŸ“‹ğŸ“Œ
neutral,ğŸ“‚ğŸ“…
neutral,ğŸ“…ğŸ“–
neutral,ğŸ“–ğŸ“˜
neutral,ğŸ“ŠğŸ“‚
neutral,ğŸ”’ğŸ“‹
neutral,ğŸ“ŒğŸ““
neutral,ğŸ“ŠğŸ“˜
neutral,ğŸ”ğŸ“™
neutral,ğŸ“‚ğŸ“–
neutral,ğŸ“˜ğŸ”—
neutral,ğŸ“‹ğŸ““
neutral,ğŸ“ğŸ“…
neutral,ğŸ“‚ğŸ“˜
neutral,ğŸ“–ğŸ“‚
neutral,ğŸ“…ğŸ“œ
neutral,ğŸ”’ğŸ“
neutral,ğŸ“˜ğŸ“Š
neutral,ğŸ““ğŸ“Œ
neutral,ğŸ“‚ğŸ“…
neutral,ğŸ”—ğŸ“‹
neutral,ğŸ“ğŸ“‚
neutral,ğŸ“–ğŸ“œ
neutral,ğŸ““ğŸ“Š
neutral,ğŸ“™ğŸ”’
neutral,ğŸ“…ğŸ“˜
neutral,ğŸ“–ğŸ“
neutral,ğŸ“œğŸ“‚
neutral,ğŸ“‚ğŸ“Š
neutral,ğŸ“…ğŸ“–
neutral,ğŸ“ŠğŸ““
neutral,ğŸ“ğŸ“˜
neutral,ğŸ“‹ğŸ“œ
neutral,ğŸ“‚ğŸ“‹
neutral,ğŸ“ŠğŸ“…
neutral,ğŸ”ğŸ“‚
neutral,ğŸ“–ğŸ““
neutral,ğŸ“˜ğŸ“…
neutral,ğŸ“ŠğŸ“–
neutral,ğŸ“‚ğŸ“
neutral,ğŸ“œğŸ“˜
neutral,ğŸ“…ğŸ”’
neutral,ğŸ“–ğŸ“‚
neutral,ğŸ“˜ğŸ”
neutral,ğŸ“‚ğŸ““
neutral,ğŸ“ŠğŸ“–
neutral,ğŸ“‹ğŸ“…
relief,ğŸ˜Œ
relief,ğŸ˜Š
relief,ğŸ˜‡
relief,ğŸ™Œ
relief,ğŸ™
relief,ğŸ˜…
relief,ğŸ’¨
relief,âœ¨
relief,ğŸŒˆ
relief,â˜€ï¸
relief,ğŸª·
relief,ğŸŒ¿
relief,ğŸŒ»
relief,ğŸ›ï¸
relief,ğŸï¸
relief,ğŸ’¤
relief,ğŸª´
relief,ğŸƒ
relief,ğŸ˜ŒğŸ’¨
relief,ğŸ™âœ¨
relief,ğŸ™Œâ˜€ï¸
relief,ğŸŒˆğŸ˜Š
relief,ğŸ˜‡ğŸŒ¿
relief,ğŸ˜…ğŸŒ»
relief,ğŸŒ¿ğŸ›ï¸
relief,ğŸŒ»ğŸ’¤
relief,â˜€ï¸ğŸª·
relief,ğŸª´ğŸï¸
relief,ğŸƒâœ¨
relief,ğŸ’¨ğŸŒˆ
relief,ğŸ™ğŸŒ¿
relief,ğŸ™ŒğŸŒ»
relief,ğŸ˜Œâ˜€ï¸
relief,ğŸ˜ŠğŸª´
relief,ğŸ˜‡ğŸï¸
relief,ğŸ˜…ğŸƒ
relief,âœ¨ğŸ›ï¸
relief,ğŸŒˆğŸ’¤
relief,ğŸŒ»ğŸ™
relief,â˜€ï¸ğŸ’¨
relief,ğŸª·ğŸ˜Š
relief,ğŸï¸âœ¨
relief,ğŸ’¤ğŸŒˆ
relief,ğŸ›ï¸ğŸƒ
relief,ğŸŒ¿ğŸ˜Œ
relief,ğŸ’¨ğŸ™Œ
relief,âœ¨ğŸ˜‡
relief,ğŸŒˆğŸ˜…
relief,ğŸŒ¿ğŸª´
relief,ğŸŒ»ğŸ›ï¸
relief,â˜€ï¸ğŸƒ
relief,ğŸ™ğŸï¸
relief,ğŸ˜ŠğŸ’¤
relief,ğŸ˜Œâœ¨
relief,ğŸ™Œâ˜€ï¸
relief,ğŸ˜‡ğŸª·
relief,ğŸ˜…ğŸ’¤
relief,ğŸ’¨ğŸŒ¿
relief,ğŸŒ»ğŸŒˆ
relief,â˜€ï¸ğŸƒ
relief,ğŸª´ğŸ™
relief,âœ¨ğŸï¸
relief,ğŸ›ï¸âœ¨
relief,ğŸƒğŸ’¨
relief,ğŸŒ¿ğŸŒ»
relief,ğŸŒˆâ˜€ï¸
relief,ğŸ’¤ğŸª·
relief,ğŸ˜ŒğŸŒˆ
relief,ğŸ˜Šâœ¨
relief,ğŸ˜‡ğŸª´
relief,ğŸ˜…ğŸï¸
relief,ğŸŒ¿ğŸƒ
relief,ğŸŒ»âœ¨
relief,â˜€ï¸ğŸ’¤
relief,ğŸ™ğŸ’¨
relief,ğŸ™ŒğŸª´
relief,ğŸ˜ŠğŸŒ¿
relief,ğŸ˜‡ğŸ›ï¸
relief,ğŸ˜…ğŸƒ
relief,âœ¨â˜€ï¸
relief,ğŸŒ»ğŸ’¨
relief,ğŸŒˆğŸ›ï¸
relief,â˜€ï¸ğŸª´
relief,ğŸ’¤ğŸ™
relief,ğŸª·ğŸ™Œ
relief,ğŸŒ¿ğŸ˜Š
sadness,ğŸ˜¢
sadness,ğŸ˜­
sadness,ğŸ˜
sadness,ğŸ˜”
sadness,ğŸ˜Ÿ
sadness,ğŸ˜¥
sadness,ğŸ˜“
sadness,ğŸ˜©
sadness,ğŸ˜¿
sadness,ğŸ’”
sadness,â˜¹ï¸
sadness,ğŸ™
sadness,ğŸ˜–
sadness,ğŸ˜â˜¹ï¸
sadness,ğŸ˜­ğŸ’”
sadness,ğŸ˜¢ğŸ˜“
sadness,ğŸ˜ŸğŸ˜”
sadness,ğŸ˜©ğŸ˜¿
sadness,ğŸ˜”ğŸ’”
sadness,ğŸ™ğŸ˜¥
sadness,ğŸ˜–ğŸ˜©
sadness,â˜¹ï¸ğŸ˜­
sadness,ğŸ’”ğŸ˜¢
sadness,ğŸ˜ğŸ˜Ÿ
sadness,ğŸ˜¿ğŸ˜”
sadness,ğŸ˜“ğŸ™
sadness,ğŸ˜¥ğŸ’”
sadness,ğŸ˜­ğŸ˜–
sadness,â˜¹ï¸ğŸ˜
sadness,ğŸ˜©ğŸ˜¢
sadness,ğŸ˜”ğŸ˜¥
sadness,ğŸ˜ŸğŸ˜©
sadness,ğŸ˜¿â˜¹ï¸
sadness,ğŸ™ğŸ’”
sadness,ğŸ˜–ğŸ˜“
sadness,ğŸ˜ğŸ˜¿
sadness,ğŸ˜­ğŸ˜”
sadness,ğŸ˜¥ğŸ™
sadness,â˜¹ï¸ğŸ˜©
sadness,ğŸ’”ğŸ˜­
sadness,ğŸ˜“â˜¹ï¸
sadness,ğŸ˜”ğŸ˜
sadness,ğŸ˜¿ğŸ˜¥
sadness,ğŸ˜ŸğŸ˜–
sadness,ğŸ˜ğŸ˜¢
sadness,ğŸ˜¥ğŸ˜©
sadness,ğŸ™ğŸ˜­
sadness,ğŸ˜©ğŸ’”
sadness,ğŸ˜­ğŸ˜Ÿ
sadness,ğŸ˜¢ğŸ˜–
sadness,ğŸ’”â˜¹ï¸
sadness,ğŸ˜“ğŸ˜¿
sadness,ğŸ˜”ğŸ˜­
sadness,ğŸ˜ğŸ˜¥
sadness,ğŸ˜–ğŸ™
sadness,ğŸ˜ŸğŸ’”
sadness,â˜¹ï¸ğŸ˜¢
sadness,ğŸ˜¿ğŸ˜©
sadness,ğŸ˜­ğŸ˜“
sadness,ğŸ˜©ğŸ˜Ÿ
sadness,ğŸ˜¥ğŸ˜–
sadness,ğŸ˜”ğŸ™
sadness,ğŸ’”ğŸ˜
sadness,ğŸ˜¢â˜¹ï¸
sadness,ğŸ™ğŸ˜¿
sadness,ğŸ˜©ğŸ˜–
sadness,ğŸ˜ğŸ˜­
sadness,â˜¹ï¸ğŸ˜”
sadness,ğŸ˜¿ğŸ˜“
sadness,ğŸ’”ğŸ˜¥
sadness,ğŸ˜­ğŸ˜©
sadness,ğŸ˜–ğŸ˜¢
sadness,ğŸ˜©ğŸ™
sadness,ğŸ˜Ÿâ˜¹ï¸
sadness,ğŸ˜”ğŸ’”
sadness,ğŸ˜¿ğŸ˜­
sadness,ğŸ˜ğŸ˜“
sadness,ğŸ˜¥ğŸ˜¿
shame,ğŸ˜³
shame,ğŸ˜”
shame,ğŸ™ˆ
shame,ğŸ˜
shame,ğŸ˜“
shame,ğŸ™ƒ
shame,ğŸ˜Ÿ
shame,ğŸ˜–
shame,ğŸ™„
shame,ğŸ˜¬
shame,ğŸ™‡
shame,ğŸ˜•
shame,ğŸ˜…
shame,ğŸ˜¢
shame,ğŸ˜
shame,ğŸ˜‘
shame,ğŸ˜¶
shame,ğŸ™
shame,ğŸ™‡â€â™‚ï¸
shame,ğŸ™‡â€â™€ï¸
shame,ğŸ˜³ğŸ™ˆ
shame,ğŸ˜”ğŸ˜“
shame,ğŸ™ƒğŸ˜
shame,ğŸ˜ŸğŸ˜…
shame,ğŸ˜–ğŸ˜¢
shame,ğŸ™„ğŸ˜
shame,ğŸ˜¬ğŸ˜‘
shame,ğŸ™‡ğŸ˜•
shame,ğŸ˜”ğŸ™ƒ
shame,ğŸ˜³ğŸ˜
shame,ğŸ™‡â€â™€ï¸ğŸ˜–
shame,ğŸ™‡â€â™‚ï¸ğŸ˜Ÿ
shame,ğŸ˜¢ğŸ™ˆ
shame,ğŸ˜“ğŸ˜¬
shame,ğŸ˜ğŸ˜…
shame,ğŸ˜¶ğŸ™‡
shame,ğŸ™„ğŸ˜³
shame,ğŸ˜ğŸ˜”
shame,ğŸ™‡â€â™‚ï¸ğŸ™ƒ
shame,ğŸ˜ŸğŸ˜‘
shame,ğŸ˜–ğŸ™
shame,ğŸ˜…ğŸ™‡â€â™€ï¸
shame,ğŸ™ƒğŸ˜“
shame,ğŸ˜³ğŸ˜–
shame,ğŸ˜”ğŸ˜¢
shame,ğŸ™‡ğŸ˜Ÿ
shame,ğŸ˜¶ğŸ™„
shame,ğŸ˜ğŸ˜
shame,ğŸ™‡â€â™€ï¸ğŸ˜¬
shame,ğŸ™‡â€â™‚ï¸ğŸ˜•
shame,ğŸ˜“ğŸ˜‘
shame,ğŸ˜…ğŸ™
shame,ğŸ™ƒğŸ˜³
shame,ğŸ˜–ğŸ™‡
shame,ğŸ˜¢ğŸ˜”
shame,ğŸ˜¬ğŸ™‡â€â™‚ï¸
shame,ğŸ˜ŸğŸ™‡â€â™€ï¸
shame,ğŸ˜³ğŸ˜“
shame,ğŸ™ğŸ™ƒ
shame,ğŸ˜¶ğŸ˜
shame,ğŸ˜ğŸ˜¢
shame,ğŸ˜‘ğŸ˜–
shame,ğŸ™„ğŸ˜…
shame,ğŸ™‡ğŸ˜³
shame,ğŸ˜“ğŸ™‡â€â™‚ï¸
shame,ğŸ˜¢ğŸ™‡â€â™€ï¸
shame,ğŸ˜ğŸ˜¶
shame,ğŸ˜”ğŸ™„
shame,ğŸ™ƒğŸ˜‘
shame,ğŸ˜¬ğŸ˜–
shame,ğŸ˜•ğŸ™
shame,ğŸ™‡â€â™€ï¸ğŸ˜
shame,ğŸ™‡â€â™‚ï¸ğŸ˜…
shame,ğŸ˜³ğŸ™ƒ
shame,ğŸ˜”ğŸ˜
shame,ğŸ™„ğŸ˜Ÿ
shame,ğŸ˜“ğŸ˜¬
shame,ğŸ˜¢ğŸ˜
shame,ğŸ˜–ğŸ™‡â€â™€ï¸
shame,ğŸ˜…ğŸ™‡â€â™‚ï¸
shame,ğŸ™‡ğŸ˜¶
shame,ğŸ˜³ğŸ˜‘
surprise,ğŸ˜®
surprise,ğŸ˜²
surprise,ğŸ˜³
surprise,ğŸ¤¯
surprise,ğŸ˜±
surprise,ğŸ™€
surprise,ğŸ˜§
surprise,ğŸ˜µ
surprise,ğŸ˜¯
surprise,ğŸ¤­
surprise,ğŸ˜®ğŸ˜µ
surprise,ğŸ˜²ğŸ¤¯
surprise,ğŸ˜³ğŸ™€
surprise,ğŸ˜±ğŸ˜§
surprise,ğŸ¤¯ğŸ˜¯
surprise,ğŸ˜®ğŸ˜³
surprise,ğŸ˜²ğŸ˜±
surprise,ğŸ˜§ğŸ˜µ
surprise,ğŸ˜¯ğŸ˜®
surprise,ğŸ¤­ğŸ˜²
surprise,ğŸ˜³ğŸ˜¯
surprise,ğŸ˜§ğŸ¤­
surprise,ğŸ˜®ğŸ™€
surprise,ğŸ¤¯ğŸ˜±
surprise,ğŸ˜µğŸ˜³
surprise,ğŸ™€ğŸ˜¯
surprise,ğŸ˜²ğŸ˜®
surprise,ğŸ˜¯ğŸ˜²
surprise,ğŸ˜§ğŸ˜®
surprise,ğŸ˜±ğŸ˜¯
surprise,ğŸ˜³ğŸ˜²
surprise,ğŸ˜µğŸ˜§
surprise,ğŸ¤­ğŸ˜³
surprise,ğŸ˜®ğŸ¤¯
surprise,ğŸ™€ğŸ˜±
surprise,ğŸ˜§ğŸ˜¯
surprise,ğŸ˜µğŸ¤­
surprise,ğŸ¤¯ğŸ˜²
surprise,ğŸ˜®ğŸ˜¯
surprise,ğŸ˜²ğŸ™€
surprise,ğŸ˜³ğŸ˜®
surprise,ğŸ˜±ğŸ¤­
surprise,ğŸ™€ğŸ˜§
surprise,ğŸ˜µğŸ˜¯
surprise,ğŸ˜¯ğŸ˜§
surprise,ğŸ˜²ğŸ¤­
surprise,ğŸ˜®ğŸ˜§
surprise,ğŸ˜³ğŸ˜±
surprise,ğŸ¤¯ğŸ™€
surprise,ğŸ˜µğŸ˜®
surprise,ğŸ˜¯ğŸ¤­
surprise,ğŸ˜²ğŸ˜§
surprise,ğŸ˜±ğŸ˜®
surprise,ğŸ™€ğŸ˜¯
surprise,ğŸ˜§ğŸ˜³
surprise,ğŸ˜®ğŸ˜µ
surprise,ğŸ˜²ğŸ¤¯
surprise,ğŸ˜³ğŸ™€
surprise,ğŸ˜±ğŸ˜§
surprise,ğŸ¤¯ğŸ˜¯
surprise,ğŸ˜®ğŸ˜³
surprise,ğŸ˜²ğŸ˜±
surprise,ğŸ˜§ğŸ˜µ
surprise,ğŸ˜¯ğŸ˜®
surprise,ğŸ¤­ğŸ˜²
surprise,ğŸ˜³ğŸ˜¯
surprise,ğŸ˜§ğŸ¤­
surprise,ğŸ˜®ğŸ™€
surprise,ğŸ¤¯ğŸ˜±
surprise,ğŸ˜µğŸ˜³
surprise,ğŸ™€ğŸ˜¯
surprise,ğŸ˜²ğŸ˜®
surprise,ğŸ˜¯ğŸ˜²
surprise,ğŸ˜§ğŸ˜®
surprise,ğŸ˜±ğŸ˜¯
surprise,ğŸ˜³ğŸ˜²
surprise,ğŸ˜µğŸ˜§
surprise,ğŸ¤­ğŸ˜³
worry,ğŸ˜Ÿ
worry,ğŸ˜°
worry,ğŸ˜¨
worry,ğŸ˜¥
worry,ğŸ˜§
worry,ğŸ˜¬
worry,ğŸ˜”
worry,ğŸ™
worry,ğŸ˜¢
worry,ğŸ˜
worry,ğŸ˜ŸğŸ˜¨
worry,ğŸ˜°ğŸ˜¥
worry,ğŸ˜§ğŸ˜¬
worry,ğŸ˜”ğŸ™
worry,ğŸ˜¢ğŸ˜
worry,ğŸ˜¨ğŸ˜§
worry,ğŸ˜¥ğŸ˜¬
worry,ğŸ˜ŸğŸ˜”
worry,ğŸ™ğŸ˜¢
worry,ğŸ˜°ğŸ˜
worry,ğŸ˜¬ğŸ˜Ÿ
worry,ğŸ˜§ğŸ˜¥
worry,ğŸ˜”ğŸ˜
worry,ğŸ˜¢ğŸ™
worry,ğŸ˜¨ğŸ˜¬
worry,ğŸ˜ŸğŸ˜§
worry,ğŸ˜ğŸ˜”
worry,ğŸ˜°ğŸ˜¢
worry,ğŸ˜§ğŸ™
worry,ğŸ˜¥ğŸ˜Ÿ
worry,ğŸ˜¬ğŸ˜°
worry,ğŸ™ğŸ˜¨
worry,ğŸ˜ğŸ˜¥
worry,ğŸ˜”ğŸ˜¬
worry,ğŸ˜¢ğŸ˜Ÿ
worry,ğŸ˜¨ğŸ˜°
worry,ğŸ˜¬ğŸ˜
worry,ğŸ˜§ğŸ˜”
worry,ğŸ™ğŸ˜¥
worry,ğŸ˜¢ğŸ˜§
worry,ğŸ˜ŸğŸ˜¬
worry,ğŸ˜°ğŸ˜”
worry,ğŸ˜¨ğŸ˜¢
worry,ğŸ˜ğŸ˜§
worry,ğŸ˜¥ğŸ™
worry,ğŸ˜¬ğŸ˜Ÿ
worry,ğŸ˜”ğŸ˜°
worry,ğŸ˜¢ğŸ˜¨
worry,ğŸ˜§ğŸ˜¬
worry,ğŸ™ğŸ˜
worry,ğŸ˜ŸğŸ˜¢
worry,ğŸ˜°ğŸ˜
worry,ğŸ˜¨ğŸ˜Ÿ
worry,ğŸ˜ğŸ˜¥
worry,ğŸ˜”ğŸ˜§
worry,ğŸ˜¢ğŸ˜¬
worry,ğŸ˜§ğŸ˜¨
worry,ğŸ˜¥ğŸ˜°
worry,ğŸ˜¬ğŸ˜”
worry,ğŸ™ğŸ˜¢
worry,ğŸ˜°ğŸ˜§
worry,ğŸ˜¨ğŸ˜¬
worry,ğŸ˜ğŸ™
worry,ğŸ˜ŸğŸ˜¥
worry,ğŸ˜¢ğŸ˜°
worry,ğŸ˜§ğŸ˜
worry,ğŸ˜¥ğŸ˜Ÿ
worry,ğŸ˜¬ğŸ˜¢
worry,ğŸ™ğŸ˜”
worry,ğŸ˜ğŸ˜¨
worry,ğŸ˜”ğŸ˜§
worry,ğŸ˜¢ğŸ˜Ÿ
worry,ğŸ˜§ğŸ˜°
worry,ğŸ˜¥ğŸ˜¨
worry,ğŸ˜¬ğŸ˜
worry,ğŸ™ğŸ˜§
